id;codigo;nome;semestre;horas;requisitos;corequisitos;area;tipo;horario
sustent;CDS0007;INTRODUCAO AO DESENVOLVIMENTO SUSTENTAVEL;1;60;;;humanas;OBG;35N34, 35T45, 36N12
introep;EPR0056 | EPR0122;INTRODUCAO A ENGENHARIA DE PRODUCAO;1;30;;;prodbas;OBG;6N34
engtrabalho;EPR0076;ENGENHARIA DO TRABALHO;1;30;;;prodbas;OBG;5N12
fis1;IFD0171;FISICA 1;1;60;;;exatas;OBG;24M12, 24T23, 24T45, 26T45, 2N34, 35M12, 35T23, 35T45, 46M34, 4M34, 4N12, 6M34
fis1exp;IFD0173;FISICA 1 EXPERIMENTAL;1;30;;IFD0171;exatas;OBG;2M34, 2T23, 3M12, 3M34, 3T23, 4M12, 4M34, 4N34, 4T23, 5M12, 5M34, 5T23, 5T45, 6M12, 6M34, 6T23, 6T45, 7M34
calc1;MAT0025;CALCULO 1;1;90;;;exatas;OBG;234M34, 235M12, 235M34, 235T45, 246M12, 246M34, 246N12, 246T23, 2M12, 2M1234, 2M34, 2N12, 2T23, 34M34, 356M12, 35M34, 35M5, 35N34, 35T1, 3M12, 3M34, 46M12, 46M5, 46N12, 46T1, 46T23, 4M12, 56M12, 5M34, 5N1234, 6N12
formvalor;EPR0061;FORMACAO DE VALOR EM SISTEMAS DE PRODUCAO;2;30;;;prodbas;OBG;4N34
fis2exp;IFD0177;FISICA 2 EXPERIMENTAL;2;60;IFD0171, IFD0173;IFD0175;exatas;OBG;2M1234, 3M1234, 3T2345, 4M1234, 5T2345, 6M1234, 6N1234, 6T2345
fis2;IFD0175;FISICA 2;2;60;IFD0171, MAT0025, IFD0173;;exatas;OBG;24M12, 24T23, 2N34, 35M12, 35M34, 35T45, 46M34, 4N12
calc2;MAT0026;CALCULO 2;2;90;MAT0025;;exatas;OBG;235M12, 235M34, 235T23, 246M12, 246T23, 2M12, 2M34, 2N12, 356M12, 35M12, 35M34, 35N34, 3N34, 56N12, 6M12
metodologia;EPR0069;METODOLOGIA DE PROJETO DE SISTEMAS DE PRODUCAO;3;30;EPR0056;;prodbas;OBG;5N12
fis3;IFD0179;FISICA 3;3;60;IFD0175, MAT0026;;exatas;OBG;24T23, 24T45, 26N34, 2T45, 35T23, 35T45, 46M34, 4T45
calc3;MAT0027;CALCULO 3;3;90;MAT0025;;exatas;OBG;235M34, 235T45, 246T23, 2M1234, 2M34, 2N12, 356M12, 35M34, 35N34, 4M12
transcalor;ENM0128;TRANSPORTE DE CALOR E MASSA;4;60;IFD0175, IFD0177, MAT0027;;exatas;OBG;35N12, 35T45
psp1;EPR0071;PROJETO DE SISTEMAS DE PRODUCAO 1;4;30;EPR0061,EPR0069,EPR0076;;projetos;OBG;2N34
probest;EST0023;PROBABILIDADE E ESTATISTICA;4;60;MAT0025;;exatas;OBG;24M12, 24M34, 24N12, 24T23, 24T45, 46M12, 46M34, 46T23
quimicateo;IQD0125;QUIMICA GERAL TEORICA;4;60;;;exatas;OBG;24M34, 26T23, 2M34, 2T23, 35M12, 35N34, 35T23, 4T45, 6M34, 6T23
quimicaexp;IQD0126;QUIMICA GERAL EXPERIMENTAL;4;30;;;exatas;OBG;2M12, 2M34, 2T23, 2T45, 3M12, 3M34, 3N12, 3T45, 4M12, 4M34, 5M12, 5M34, 5T23, 5T45, 6N34, 6T45
introeco;ECO0019;INTRODUCAO A ECONOMIA;5;60;;;humanas;OBG;24M12, 24M34, 24N34, 24T23, 24T45, 26N34, 35M12, 35M34, 35N12, 35N34, 35T23, 6N1234
engeco;EPR0064;ENGENHARIA ECONOMICA;5;60;EST0023;;prodesp;OBG;24N12
sisinfo;EPR0072;SISTEMAS DE INFORMACAO EM ENGENHARIA DE PRODUCAO;5;60;CIC0007 OU ENE0334;EPR0073;prodesp;OBG;35N12
psp2;EPR0073;PROJETO DE SISTEMAS DE PRODUCAO 2;5;30;EPR0071;EPR0072;projetos;OBG;3N34, 5N34
cienciamat;ENM0126;INTRODUCAO A CIENCIA DOS MATERIAIS;6;45;IQD0051 OU IQD0058 + IQD0126 OU IQD0125 + IQD0126;;exatas;OBG;2N12, 4M123, 4M124, 4M34, 6M3, 6M4, 6N1, 6N2
pesqoperacional;EPR0066;PESQUISA OPERACIONAL EM ENGENHARIA 1;6;90;EST0023;;prodesp;OBG;235N34
cienciapol;POL0011;INTRODUCAO A CIENCIA POLITICA;6;60;;;humanas;OBG;24M12, 24M34, 24N12, 24N34, 24T23, 2N34, 35M12, 35N12, 35T45, 4N34, 6N1234
procfab;ENM0171;PROCESSOS DE FABRICACAO;7;60;ENM0172 OU ENM0126;;prodesp;OBG;24M12, 46N12
pcp;EPR0002;PLANEJAMENTO E CONTROLE DA PRODUCAO;7;60;EPR0072;EPR0001;prodesp;OBG;2N1234
psp4;EPR0001;PROJETO DE SISTEMAS DE PRODUCAO 4;7;30;EPR0073;EPR0002;projetos;OBG;4N34
simulacao;EPR0004;SIMULACAO DE SISTEMAS;7;60;EPR0066;;prodesp;OBG;35N12
seguranca;EPR0006;SEGURANCA E SAUDE NO TRABALHO;7;60;EPR0068 OU EPR0057 OU EPR0073;;humanas;OBG;35N34
qualidade;EPR0030;GESTAO DA QUALIDADE NA PRODUCAO;8;60;EST0023;EPR0007;prodesp;OBG;35N12
psp5;EPR0007;PROJETO DE SISTEMAS DE PRODUCAO 5;8;30;EPR0073 E EPR0066 E EPR0064;EPR0030;projetos;OBG;3N34
ergosist;EPR0077;ERGONOMIA DE SISTEMAS PRODUTIVOS;8;60;;;humanas;OBG;4N1234
logistica;EPR0012;LOGISTICA;9;60;EPR0066;;prodesp;OBG;3N1234
engproduto;EPR0013;ENGENHARIA DO PRODUTO;9;60;EPR0002 OU ENM0134 OU ENM0124;EPR0008;prodesp;OBG;24N12
psp6;EPR0008;PROJETO DE SISTEMAS DE PRODUCAO 6;9;30;EPR0073 E EPR0066 E EPR0064 OU ENM0134 OU ENM0124;EPR0013;projetos;OBG;2N34, 4N34
estrategica;EPR0065;GESTAO ESTRATEGICA;10;60;;EPR0009;prodesp;OBG;6N1234
psp7;EPR0009;PROJETO DE SISTEMAS DE PRODUCAO 7;10;30;EPR0073 E EPR0066 E EPR0064;EPR0065;projetos;OBG;3N34
desenhomec1;ENM0131;DESENHO MEC. ASSIST. 1;97;90;;;seletiva-chave;OPT;Nao Ofertada
desenhomec2;ENM0190;DESENHO MECANICO PARA ENGENHARIA;97;60;;;seletiva-chave;OPT;35T45, 46M12, 6N1234
algebralin1;MAT0127;ALGEBRA LINEAR E GEOMETRIA ANALITICA;97;90;;;seletiva-chave;OPT;Nao Ofertada
algebralin2;MAT0031;INTRODUCAO A ALGEBRA LINEAR;97;60;;;seletiva-chave;OPT;24M34, 24T45, 35M12, 35N12, 35T45, 46M34, 46T23
comp1;ENE0334;COMPUTACAO PARA ENGENHARIA;97;60;;;seletiva-chave;OPT;35T45, 46M34
comp2;CIC0007;INTRODUCAO A CIENCIA DA COMPUTACAO;97;60;;;seletiva-chave;OPT;35T23, 3N12, 3T23, 46T45, 4N34, 4T45, 5T23, 6T45
mecsol1;ENC0035;INTRODUCAO A MECANICA DOS SOLIDOS;97;60;IFD0171+MAT0026+MAT0031 OU IFD0171+MAT0025+MAT0039 OU IFD0171+MAT0025+MAT0127;;seletiva-chave;OPT;24M34, 24T23, 46M12, 46N12
mecsol2;ENC0132;MECANICA DOS SOLIDOS 1;97;60;IFD0171+MAT0026+MAT0031 OU IFD0171+MAT0025+MAT0039 OU IFD0171+MAT0025+MAT0127;;seletiva-chave;OPT;24T23, 46M34
estagio;EPR0010;ESTAGIO SUPERVISIONADO;99;180;EPR0004 E EPR0002 E EPR0006;;projetos;OBG;Nao Ofertada
tcc1;EPR0045;PROJETO DE GRADUACAO 1;99;30;EPR0004 E EPR0002 E EPR0030 E EPR0006;;projetos;OBG;Nao Ofertada
tcc2;EPR0046;PROJETO DE GRADUACAO 2;99;30;EPR0045 OU EPR0088;;projetos;OBG;Nao Ofertada
adm0023;ADM0023;INTRODUCAO A ADMINISTRACAO;98;60;;;humanas;OPT;24M34, 24N12, 24N34, 2M34, 35M12, 35M34, 35N34, 35T23, 35T45, 3T23, 4M34, 4T2345, 5T23, 6N1234, 7M1234
adm0064;ADM0064;ADMINISTRACAO DE MARKETING;98;60;ADM0023 OU DIN0023;;humanas;OPT;24M12, 24N12, 35N12, 35T23
adm0070;ADM0070;GOVERNO E ADMINISTRACAO NO BRASIL;98;60;;;humanas;OPT;35N12
adm0092;ADM0092;ADMINISTRACAO DA PRODUCAO E OPERACOES;98;60;ADM0023;;humanas;OPT;24N34, 35M12, 35M34, 6T2345
bot0004;BOT0004;INTRODUCAO A ANATOMIA VEGETAL;98;60;BOT0049 OU BOT0021 OU BOT0044 OU ICB0250 OU ICB0251;;humanas;OPT;24M12, 25M12, 2M12, 2M1234, 3M34, 4N1234, 5M34
bot0006;BOT0006;ANATOMIA DAS MADEIRAS;98;60;BOT0004 OU BOT0042;;humanas;OPT;45M12, 45M34
bot0020;BOT0020;MORFOLOGIA E TAXONOMIA DAS CRIPTOGAMAS;98;60;;;humanas;OPT;2T2345, 3N1234
bot0044;BOT0044;ORGANOGRAFIA E SISTEMATICA FANEROFITICA;98;60;;;humanas;OPT;3T2345, 4M1234, 4N1234, 5M1234, 6M1234, 6T2345
cic0142;CIC0142;INFORMATICA E SOCIEDADE;98;30;;;exatas;OPT;6T23
dpg0690;DPG0690;INTRODUCAO A EXPLORACAO OFFSHORE;98;30;;;prodesp;OPT;Nao Ofertada
eco0050;ECO0050;CONTABILIDADE NACIONAL;98;60;;;humanas;OPT;24N12, 35M12, 35M34
eco0072;ECO0072;ECONOMIA BRASILEIRA;98;60;ECO0019;;humanas;OPT;35N34, 35T45, 46T23
efl0044;EFL0044;TECNOLOGIA DE PRODUTOS FLORESTAIS;98;60;EFL0049;;humanas;OPT;5M1234
efl0049;EFL0049;TECNOLOGIA DA MADEIRA;98;60;BOT0006 E EST0027 E EFL0010 OU EFL0160;;humanas;OPT;35M12
enc0037;ENC0037;TRANSFERENCIA DE ENERGIA E MASSA;98;75;MAT0027 E ENC0132 OU MAT0027 E ENC0035;;prodesp;OPT;2T123, 2T45, 4T23, 4T456
enc0053;ENC0053;DESENHO TECNICO;98;60;;;prodesp;OPT;24T23, 24T45, 35M12, 35M34, 35T23, 35T45, 4M34, 6M12, 6T2345
enc0166;ENC0166;HIDROLOGIA APLICADA;98;60;ENM0080 E EST0023 E IGD0043 OU ENM0080 E EST0023 E IGD0183 OU ENM0080 E ENC0267 E ENC0274 OU ENM0080 E ENC0267 E EST0023 OU ENC0037 E EST0023 E IGD0043 OU ENC0037 E EST0023 E IGD0183 OU ENC0037 E ENC0267 E ENC0274 OU ENC0037 E ENC0267 E EST0023 OU ENC0289 E ENC0274 E ENC0290;;prodesp;OPT;35N1, 35T23, 35T6
enc0267;ENC0267;CARTOGRAFIA E GEOPROCESSAMENTO APLICADO;98;60;IGD0173 E ENC0053 OU IGD0021 E ENC0053;;prodesp;OPT;35T45
enc0274;ENC0274;ESTATISTICA APLICADA A ENGENHARIA AMBIENTAL;98;60;MAT0027;;prodesp;OPT;24T23
ene0001;ENE0001;ELETRICIDADE BASICA;98;60;MAT0027 E MAT0031;;prodesp;OPT;35M12, 35M34
ene0002;ENE0002;LABORATORIO DE ELETRICIDADE BASICA;98;30;MAT0027 E MAT0031;;prodesp;OPT;2T23, 2T45, 3T23, 3T45
ene0013;ENE0013;ALGORITMOS E ESTRUTURA DE DADOS;98;60;ENE0334;;prodesp;OPT;24M34
ene0066;ENE0066;INTRODUCAO AOS CIRCUITOS ELETRICOS;98;30;MAT0026 E MAT0031;;prodesp;OPT;3M12, 4T23, 6M12, 6M34
ene0067;ENE0067;SINAIS E SISTEMAS EM TEMPO CONTINUO;98;60;MAT0026 E MAT0031;;prodesp;OPT;24M34, 24T45, 35M34, 35T23
ene0274;ENE0274;FUNDAMENTOS DE REDES;98;60;ENE0013 E EST0023 OU EST0070;;prodesp;OPT;35T23
ene0289;ENE0289;CIRCUITOS POLIFASICOS;98;60;ENE0304 OU ENE0041 OU ENE0042 OU ENE0172;;prodesp;OPT;35M34
ene0304;ENE0304;CIRCUITOS ELETRICOS;98;60;ENE0013 E EST0023 OU EST0070;;prodesp;OPT;24T23, 35T23, 46M12
enm0027;ENM0027;TECNOLOGIAS DE COMANDO NUMERICO;98;60;ENM0146 OU ENM0127;;prodesp;OPT;24M34
enm0068;ENM0068;TERMODINAMICA 1;98;60;IFD0175 OU IFD0013 OU ENM0080;;prodesp;OPT;35T45, 46M34
enm0071;ENM0071;TRANSFERENCIA DE CALOR;98;90;ENM0068 OU ENM0233 OU ENM0128 OU ENM0233 OU ENM0068 E ENM0082 OU ENM0128 E ENM0082 OU ENM0068 E FGA0204 OU ENM0068 E IQD0005;;prodesp;OPT;246M34, 24M34, 6M12
enm0072;ENM0072;INSTALACOES TERMOMECANICAS 1;98;60;ENM0071;;prodesp;OPT;35T45
enm0080;ENM0080;FENOMENOS DE TRANSPORTE;98;75;MAT0027 E ENC0132 OU MAT0027 E ENM0120 OU MAT0027 E FGA0154 OU MAT0027 E ENC0035;;prodesp;OPT;24M34, 35T23, 4T23, 6T2, 6T234, 6T3
enm0082;ENM0082;MECANICA DOS FLUIDOS 2;98;75;ENM0140;;prodesp;OPT;24M34, 6M3, 6M4, 6M5, 6T1
enm0090;ENM0090;MATERIAIS DE CONSTRUCAO MECANICA 1;98;90;IQD0051 OU IQD0125 E IQD0126;;prodesp;OPT;246M12, 24M12, 6M34, 6T45
enm0120;ENM0120;MECANICA 1;98;60;IFD0171 E MAT0026 E MAT0031;;prodesp;OPT;35T23, 46T23
enm0121;ENM0121;MECANICA 2;98;60;IFD0171 E MAT0027 E MAT0031;;prodesp;OPT;24M12, 35M12
enm0122;ENM0122;PROJETO DE MAQUINAS 1;98;60;ENM0121 E ENM0165 E ENM0132;;prodesp;OPT;24M12
enm0123;ENM0123;PROJETO DE MAQUINAS 2;98;60;ENM0165 E ENM0132;;prodesp;OPT;35M34
enm0124;ENM0124;PROJETO DE SISTEMAS MECANICOS;98;60;ENM0122 E ENM0123;;prodesp;OPT;35M34
enm0127;ENM0127;TECNOLOGIA DE FABRICACAO 1;98;45;ENM0164;;prodesp;OPT;5M123, 5M124
enm0132;ENM0132;DESENHO MECANICO ASSISTIDO POR COMPUTADOR 2;98;60;ENM0131 OU ENC0053 E ENC0054 OU ENM0230;;prodesp;OPT;24M34, 3T2345
enm0134;ENM0134;SISTEMAS INTEGRADOS DE MANUFATURA;98;60;ENM0027 OU ENM0171;;prodesp;OPT;56T23
enm0140;ENM0140;MECANICA DOS FLUIDOS 1;98;75;MAT0027 E ENC0132 OU MAT0027 E ENM0163 OU MAT0027 E ENM0120;;prodesp;OPT;46M12, 5T4
enm0145;ENM0145;METROLOGIA;98;60;EST0023;;prodesp;OPT;35M12
enm0146;ENM0146;TECNOLOGIA MECANICA 1;98;60;ENM0090 E ENM0145;;prodesp;OPT;35T23
enm0164;ENM0164;MECANICA DOS MATERIAIS 1;98;60;ENM0163 OU ENM0120 OU ENM0203;;prodesp;OPT;35M34
enm0165;ENM0165;MECANICA DOS MATERIAIS 2;98;60;ENM0164;;prodesp;OPT;35M12
epr0014;EPR0014;CONTROLE ESTATISTICO DE PROCESSOS;98;60;EST0023;;prodesp;OPT;Nao Ofertada
epr0021;EPR0021;SEMINARIO EM ENGENHARIA DE PRODUCAO;98;60;;;prodesp;OPT;5N1234
epr0022;EPR0022;SISTEMAS DE SUPORTE A DECISAO;98;60;EPR0072;;prodesp;OPT;2N1234
epr0023;EPR0023 | EPR0027;TOPICOS ESPECIAIS EM PESQUISA OPERACIONAL;98;60;;;prodesp;OPT;2N1234
epr0036;EPR0036;FINANCAS COMPORTAMENTAIS E PESSOAIS;98;30;;;prodesp;OPT;2N12
epr0037;EPR0037;SISTEMA DE PRODUCAO ENXUTA;98;60;;;prodesp;OPT;Nao Ofertada
epr0038;EPR0038;GERENCIAMENTO DE PROJETOS COMPLEXOS;98;30;EPR0002;;prodesp;OPT;Nao Ofertada
epr0047;EPR0047;GERENCIAMENTO DA CADEIA DE SUPRIMENTO;98;60;EPR0012;;prodesp;OPT;Nao Ofertada
epr0048;EPR0048;INTRODUCAO A METODOLOGIA DE PESQUISA PARA ENGENHARIA DE PRODUCAO;98;30;;;prodesp;OPT;4N12
epr0067;EPR0067 | EPR0027;TOPICOS ESPECIAIS EM PESQUISA OPERACIONAL;98;30;;;prodesp;OPT;2N1234
epr0068;EPR0068;ORGANIZACAO INDUSTRIAL;98;60;EST0023 OU EST0022 OU ENC0274;;prodesp;OPT;2T2345, 4M1234, 5T2345
epr0074;EPR0074;PROJETO DE SISTEMAS DE PRODUCAO 3;98;30;EPR0073;;prodesp;OPT;4N12
est0027;EST0027;BIOESTATISTICA;98;60;MAT0022 OU MAT0025;;exatas;OPT;35M12, 35M34
fdd0004;FDD0004;INSTITUICOES DE DIREITO PUBLICO E PRIVADO;98;60;;;humanas;OPT;24M12, 35M12, 35N12, 35N34
fga0133;FGA0133;ENGENHARIA ECONOMICA;98;60;;;prodesp;OPT;35M34, 46T45
fga0152;FGA0152;ERGONOMIA DO PRODUTO;98;60;FGA0155;;prodesp;OPT;46M12
fga0154;FGA0154;MECANICA DOS SOLIDOS 1 PARA ENGENHARIA;98;60;IFD0171;;prodesp;OPT;35M12, 35M34
fga0155;FGA0155;INTRODUCAO AO DESIGN E CONCEPCAO DE VEICULOS;98;60;;;prodesp;OPT;46T23
fga0168;FGA0168;DESENHO INDUSTRIAL ASSISTIDO POR COMPUTADOR;98;90;;;prodesp;OPT;235M34, 246M12, 356T45
fga0204;FGA0204;DINAMICA DOS FLUIDOS;98;75;ENM0080;;prodesp;OPT;26M34, 4M3, 4M4
gpp0037;GPP0037;FUNDAMENTOS DA ADMINISTRACAO PUBLICA;98;60;ADM0023;;humanas;OPT;24N12, 35N12, 35N34, 3N12, 5N12
ifd0181;IFD0181;FISICA 3 EXPERIMENTAL;98;60;IFD0175 E MAT0026 OU IFD0217 E IFD0220 E MAT0026 OU IFD0010 E IFD0013;IFD0179 OU IFD0055;exatas;OPT;2M1234, 2T2345, 3M1234, 4M1234, 6M1234, 6T2345
igd0021;IGD0021;GEOLOGIA GERAL;98;90;;;exatas;OPT;247T45, 357M34, 35M12, 35N12, 35T23, 35T45, 3N34, 6M1234, 6N1234, 7M12, 7M1234, 7M34, 7T23, 7T45
igd0173;IGD0173;GEOLOGIA BASICA;98;60;;;exatas;OPT;46M12, 46T23
igd0183;IGD0183;TOPOGRAFIA;98;60;;;exatas;OPT;3M1234, 4T2345, 5M1234, 6M1234, 6T2345, 7M1234
iqd0003;IQD0003;INTRODUCAO A COMPUTACAO APLICADA AOS PROCESSOS QUIMICOS;98;60;;;exatas;OPT;24M12, 24M34, 35M34, 36T23
iqd0005;IQD0005;TRANSFERENCIA DE QUANTIDADE DE MOVIMENTO;98;60;MAT0027;;exatas;OPT;24T45
iqd0009;IQD0009;OPERACOES UNITARIAS DA ENGENHARIA QUIMICA 1;98;60;IQD0005;;exatas;OPT;35T45
iqd0010;IQD0010;TRANSFERENCIA DE MASSA;98;60;MAT0027 E IQD0101 E IQD0005 OU MAT0027 E IQD0296 E IQD0005;;exatas;OPT;26T23
iqd0011;IQD0011;OPERACOES UNITARIAS DA ENGENHARIA QUIMICA 2;98;60;ENM0071 E IQD0009;;exatas;OPT;35M12
iqd0012;IQD0012;OPERACOES UNITARIAS DA ENGENHARIA QUIMICA 3;98;60;IQD0010 E IQD0011 E IQD0046;;exatas;OPT;56T45
iqd0014;IQD0014;LABORATORIO DE ENGENHARIA QUIMICA 1;98;30;IQD0009;;exatas;OPT;4M34, 5M34
iqd0032;IQD0032;CINETICA QUIMICA;98;30;IQD0296 E ENM0068 OU IQD0101;;exatas;OPT;4T23
iqd0046;IQD0046;TERMODINAMICA APLICADA;98;30;IQD0103 OU IQD0296 E ENM0068;;exatas;OPT;2T23
iqd0048;IQD0048;ENGENHARIA DE REATORES QUIMICOS;98;60;MAT0026 E IQD0032 E IQD0005;;exatas;OPT;35M34
iqd0058;IQD0058;FUNDAMENTOS DE QUIMICA;98;90;IQD0120 E IQD0132 OU IQD0153 OU IQD0259 E IQD0260 E IQD0262 E IQD0263 OU IQD0057;;exatas;OPT;246T45, 26T45, 4T45
iqd0061;IQD0061;LABORATORIO DE QUIMICA FUNDAMENTAL;98;60;;;exatas;OPT;3T2345, 4N1234, 6M1234
iqd0101;IQD0101;TERMODINAMICA QUIMICA;98;60;IQD0262 E IQD0263 E IQD0259 E IFD0175 E MAT0026 OU IQD0058 E IFD0175 E MAT0026 OU IQD0153 E MAT0026 E IFD0175 OU IQD0058 E IQD0061 E MAT0026 E IFD0299 E IFD0302 OU IQD0058 E IQD0061 E MAT0026 E IFD0175 E IFD0177 OU IQD0058 E IQD0061 E MAT0023 E IFD0299 E IFD0302 OU IQD0058 E IQD0061 E MAT0023 E IFD0175 E IFD0177 OU IQD0051 E MAT0026 E IFD0299 E IFD0302 OU IQD0051 E MAT0026 E IFD0175 E IFD0177 OU IQD0051 E MAT0023 E IFD0299 E IFD0302 OU IQD0051 E MAT0023 E IFD0175 E IFD0177 OU IQD0051 E MAT0023 E IFD0299 E IFD0302 OU IQD0051 E MAT0023 E IFD0175 E IFD0177 OU IQD0153 E MAT0026 E IFD0299 E IFD0302 OU IQD0262 E IQD0263 E IQD0259 E IFD0299 E IFD0302 E MAT0026;;exatas;OPT;35T45, 3N34, 5N12
iqd0103;IQD0103;EQUILIBRIO E CINETICA QUIMICA;98;60;IQD0101 OU IQD0029;;exatas;OPT;35M34, 4N34, 6N12
iqd0153;IQD0153;QUIMICA GERAL E INORGANICA;98;90;IQD0058 E IQD0092 OU IQD0092 E IQD0125 OU FUP0247 E FUP0313;;exatas;OPT;246M12, 24N34, 2M12, 2N34, 4M12, 4N34, 5N12, 6M12
iqd0259;IQD0259;PRINCIPIOS DE EQUILIBRIOS QUIMICOS;98;30;;;exatas;OPT;4N12, 5M12, 6T23
iqd0262;IQD0262;ESTRUTURA ATOMICA E LIGACOES QUIMICAS;98;30;;;exatas;OPT;2M12, 5N12
iqd0263;IQD0263;PRINCIPIOS DA TERMODINAMICA E CINETICA QUIMICA;98;30;;;exatas;OPT;3N12, 4M12
iqd0296;IQD0296;FUNDAMENTOS DE FISICO-QUIMICA;98;60;IQD0262 E IQD0263 E IQD0259 E MAT0025 OU IQD0058 E MAT0025 OU IQD0153 E MAT0025 OU IQD0125 E MAT0025 OU IQD0058 E MAT0022 OU IQD0153 E MAT0022 OU IQD0125 E MAT0022;;exatas;OPT;2N12, 35M34, 46M34, 4M34, 4N34, 6M34
lip0174;LIP0174;LINGUA DE SINAIS BRASILEIRA - BASICO;98;60;;;humanas;OPT;24M12, 24M34, 35M12, 35M34, 35M5, 35N12, 35N34, 35T1, 35T23, 35T45, 3M12, 5M12, 6M1234, 6N1234, 6T2345
mat0039;MAT0039;ALGEBRA LINEAR;98;90;MAT0025;;exatas;OPT;235T45
mat0053;MAT0053;CALCULO NUMERICO;98;60;MAT0026;;exatas;OPT;24M12, 24M34, 35T23, 35T45
sol0042;SOL0042;INTRODUCAO A SOCIOLOGIA;98;60;;;humanas;OPT;24M12, 24N12, 24T45, 35M34, 35N12, 35T23, 35T45
adm0025;ADM0025;ORGANIZACAO E SISTEMAS;98;60;ADM0023;;humanas;OPT;Nao Ofertada
bot0021;BOT0021 | BOT0020;MORFOLOGIA E TAXONOMIA DAS CRIPTOGAMAS;98;90;;;humanas;OPT;2T2345, 3N1234
bot0042;BOT0042 | BOT0004;INTRODUCAO A ANATOMIA VEGETAL;98;60;BOT0020 E BOT0044;;humanas;OPT;24M12, 25M12, 2M12, 2M1234, 3M34, 4N1234, 5M34
bot0049;BOT0049 | BOT0008;FISIOLOGIA VEGETAL;98;60;;;humanas;OPT;245M34, 24M34, 34M12, 3M12, 4M12, 4M1234, 5M12
deg0200;DEG0200;ATIVIDADE COMPLEMENTAR;98;15;;;humanas;OPT;Nao Ofertada
deg0201;DEG0201;ATIVIDADE COMPLEMENTAR;98;30;;;humanas;OPT;Nao Ofertada
deg0202;DEG0202;ATIVIDADE COMPLEMENTAR;98;45;;;humanas;OPT;Nao Ofertada
deg0203;DEG0203;ATIVIDADE COMPLEMENTAR;98;60;;;humanas;OPT;Nao Ofertada
deg0205;DEG0205;ATIVIDADE COMPLEMENTAR;98;90;;;humanas;OPT;Nao Ofertada
deg0206;DEG0206;ATIVIDADE COMPLEMENTAR;98;120;;;humanas;OPT;Nao Ofertada
deg0207;DEG0207;ATIVIDADE COMPLEMENTAR;98;150;;;humanas;OPT;Nao Ofertada
deg0208;DEG0208;ATIVIDADE COMPLEMENTAR;98;180;;;humanas;OPT;Nao Ofertada
deg0209;DEG0209;ATIVIDADE COMPLEMENTAR;98;210;;;humanas;OPT;Nao Ofertada
ecl0042;ECL0042;MEIO AMBIENTE FISICO E ECOSSISTEMAS;98;60;;;humanas;OPT;2N34, 3N12, 6M1234
eco0061;ECO0061 | ECO0040;ECONOMIA INTERNACIONAL;98;60;;;humanas;OPT;35M34
efl0010;EFL0010;INICIACAO A ENGENHARIA FLORESTAL;98;15;;;humanas;OPT;Nao Ofertada
enc0054;ENC0054;GEOMETRIA DESCRITIVA;98;60;;;prodesp;OPT;Nao Ofertada
ene0172;ENE0172 | ENE0304;CIRCUITOS ELETRICOS;98;90;MAT0031 E MAT0048;;prodesp;OPT;24T23, 35T23, 46M12
ene0229;ENE0229 | ENE0071;INSTALACOES ELETRICAS;98;90;ENE0289;;prodesp;OPT;24T45
ene0243;ENE0243 | ENE0001;ELETRICIDADE BASICA;98;90;IFD0072 OU IFD0179;;prodesp;OPT;35M12, 35M34
ene0273;ENE0273;PLANEJAMENTO ENERGETICO;98;60;;;prodesp;OPT;Nao Ofertada
enm0002;ENM0002;INTRODUCAO A EXPLORACAO DE PETROLEO EM ALTO MAR;98;30;MAT0048 OU MAT0026;;prodesp;OPT;Nao Ofertada
enm0163;ENM0163 | ENM0121;MECANICA 2;98;90;MAT0026 E MAT0031 E IFD0173 OU MAT0026 E IFD0173 E MAT0039;;prodesp;OPT;24M12, 35M12
enm0174;ENM0174 | ENM0173;SISTEMAS MECANICOS;98;60;ENE0243 OU ENE0172 OU IFD0179 OU ENE0001;;prodesp;OPT;35T45
enm0176;ENM0176;INTRODUCAO A ECOLOGIA INDUSTRIAL;98;60;;;prodesp;OPT;Nao Ofertada
enm0187;ENM0187;PROCESSO DE DESENVOLVIMENTO DE PRODUTO;98;60;ENM0027 OU ENM0122 OU ENM0171 OU FGA0195;;prodesp;OPT;Nao Ofertada
epr0003;EPR0003;TOMADA DE DECISAO COM ENFOQUE EM ANALISE MULTICRITERIO;98;60;;;prodesp;OPT;Nao Ofertada
epr0005;EPR0005;GESTAO DE RISCOS;98;60;EST0023 E EPR0064;;prodesp;OPT;Nao Ofertada
epr0016;EPR0016 | EPR0035;INOVACAO EM SISTEMAS DE PRODUCAO;98;60;EPR0064;;prodesp;OPT;24T45
epr0017;EPR0017;DINAMICA DE SISTEMAS EM ORGANIZACOES;98;60;EPR0004;;prodesp;OPT;Nao Ofertada
epr0018;EPR0018;GESTAO DE RISCOS EM ORGANIZACAO;98;60;;;prodesp;OPT;Nao Ofertada
epr0019;EPR0019;MERCADOLOGIA ESTRATEGICA;98;60;EPR0069;;prodesp;OPT;Nao Ofertada
epr0020;EPR0020 | EPR0066;PESQUISA OPERACIONAL EM ENGENHARIA 1;98;60;;;prodesp;OPT;235N34
epr0024;EPR0024 | EPR0027;TOPICOS ESPECIAIS EM PESQUISA OPERACIONAL;98;60;;;prodesp;OPT;2N1234
epr0025;EPR0025;TOPICOS ESPECIAIS EM ENGENHARIA DO TRABALHO E ERGONOMIA;98;60;;;prodesp;OPT;Nao Ofertada
epr0026;EPR0026 | EPR0021;SEMINARIO EM ENGENHARIA DE PRODUCAO;98;60;;;prodesp;OPT;5N1234
epr0027;EPR0027;TOPICOS ESPECIAIS EM PESQUISA OPERACIONAL;98;60;;;prodesp;OPT;2N1234
epr0028;EPR0028;TOPICOS ESPECIAIS EM PESQUISA ORGANIZACIONAL;98;60;;;prodesp;OPT;6N1234
epr0029;EPR0029;TOPICOS ESPECIAIS EM LOGISTICA;98;60;;;prodesp;OPT;Nao Ofertada
epr0032;EPR0032 | EPR0027;TOPICOS ESPECIAIS EM PESQUISA OPERACIONAL;98;30;;;prodesp;OPT;2N1234
epr0034;EPR0034;SISTEMAS COLABORATIVOS;98;30;;;prodesp;OPT;Nao Ofertada
epr0035;EPR0035;INOVACAO EM SISTEMAS DE PRODUCAO;98;60;EPR0069 OU ENM0134 OU ADM0092 OU FGA0195;;prodesp;OPT;24T45
epr0039;EPR0039 | EPR0002;PLANEJAMENTO E CONTROLE DA PRODUCAO;98;30;EPR0002;;prodesp;OPT;2N1234
epr0040;EPR0040 | EPR0077;ERGONOMIA DE SISTEMAS PRODUTIVOS;98;30;EPR0063 OU EPR0076 E EPR0071;;prodesp;OPT;4N1234
epr0041;EPR0041;CUSTEIO DE BENS E SERVICOS;98;30;;;prodesp;OPT;Nao Ofertada
epr0043;EPR0043;ENGENHARIA DE PRODUTOS FINANCEIROS;98;30;EPR0064;;prodesp;OPT;3N12
epr0044;EPR0044;DESENVOLVIMENTO DE SERVICOS;98;30;EPR0013 OU ENM0187;;prodesp;OPT;Nao Ofertada
epr0049;EPR0049;PROJETO DE FABRICA E LAYOUT;98;30;EPR0002;;prodesp;OPT;4T45
epr0050;EPR0050;PROJETO DE SISTEMAS DE PRODUCAO 8;98;30;EPR0073 E EPR0066 E EPR0064;;prodesp;OPT;4N34, 4T23
epr0051;EPR0051;GESTAO DE PROJETOS AVANCADOS;98;30;EPR0069;;prodesp;OPT;Nao Ofertada
epr0052;EPR0052;SISTEMA DE PRODUCAO AGROALIMENTAR;98;60;;;prodesp;OPT;Nao Ofertada
epr0053;EPR0053;TOPICOS ESPECIAIS EM SIMULACAO EMPRESARIAL;98;90;;;prodesp;OPT;Nao Ofertada
epr0055;EPR0055 | EPR0027;TOPICOS ESPECIAIS EM PESQUISA OPERACIONAL;98;60;;;prodesp;OPT;2N1234
epr0057;EPR0057 | EPR0122;INTRODUCAO A ENGENHARIA DE PRODUCAO;98;60;EST0023 E ENM0134 OU EST0023 E EPR0068;;prodesp;OPT;6N34
epr0070;EPR0070;TOPICOS ESPECIAIS EM GESTAO DA QUALIDADE;98;60;;;prodesp;OPT;Nao Ofertada
epr0075;EPR0075;CONFIABILIDADE, MANUTENIBILIDADE E DISPONIBILIDADE;98;60;MAT0027 E EST0023;;prodesp;OPT;Nao Ofertada
fga0184;FGA0184 | FGA0307;GESTAO DA PRODUCAO E QUALIDADE;98;60;FGA0133;;prodesp;OPT;35T23, 35T45
fga0195;FGA0195 | FGA0307;GESTAO DA PRODUCAO E QUALIDADE;98;60;FGA0184;;prodesp;OPT;35T23, 35T45
ftd0007;FTD0007;INTRODUCAO A ATIVIDADE EMPRESARIAL;98;60;;;humanas;OPT;Nao Ofertada
fup0369;FUP0369;GESTAO DA CADEIA DE SUPRIMENTOS;98;60;;;humanas;OPT;35T45
gpp0033;GPP0033;PLANEJAMENTO GOVERNAMENTAL;98;60;GPP0037 OU ADM0070;;humanas;OPT;Nao Ofertada
gpp0034;GPP0034;ADMINISTRACAO DE SERVICOS NO SETOR PUBLICO;98;60;GPP0037 OU GPP0033;;humanas;OPT;Nao Ofertada
icb0250;ICB0250;DESENVOLVIMENTO EMBRIONARIO E EVOLUCAO EM ANIMAIS E VEGETAIS 1;98;75;;;humanas;OPT;Nao Ofertada
icb0251;ICB0251;DESENVOLVIMENTO EMBRIONARIO E EVOLUCAO EM ANIMAIS E VEGETAIS 2;98;75;;;humanas;OPT;Nao Ofertada
ifd0072;IFD0072 | IFD0055;ELETROMAGNETISMO;98;120;;;exatas;OPT;246M34, 24M34, 6M34
ifd0098;IFD0098 | IFD0030;MECANICA QUANTICA B;98;90;IFD0183 E MAT0027;;exatas;OPT;246M34, 2M34, 4M34, 6M34
ifd0115;IFD0115;ESTADO SOLIDO;98;90;IFD0098;;exatas;OPT;Nao Ofertada
ifd0183;IFD0183 | IFD0179;FISICA 3;98;60;IFD0179 E MAT0026 OU ENE0177;;exatas;OPT;24T23, 24T45, 26N34, 2T45, 35T23, 35T45, 46M34, 4T45
ifd0185;IFD0185 | IFD0181;FISICA 3 EXPERIMENTAL;98;60;IFD0179 E IFD0181 E MAT0026 OU ENE0177;;exatas;OPT;2M1234, 2T2345, 3M1234, 4M1234, 6M1234, 6T2345
ifd0210;IFD0210 | IFD0256;FISICA MODERNA 1;98;90;;;exatas;OPT;35N34
ifd0217;IFD0217 | IFD0427;FISICA MODERNA 2;98;90;IFD0210 OU IFD0171 E MAT0025;;exatas;OPT;24N12
ifd0299;IFD0299;FISICA 1 PARA QUIMICA;98;60;;;exatas;OPT;Nao Ofertada
ifd0302;IFD0302 | IFD0173;FISICA 1 EXPERIMENTAL;98;30;;;exatas;OPT;2M34, 2T23, 3M12, 3M34, 3T23, 4M12, 4M34, 4N34, 4T23, 5M12, 5M34, 5T23, 5T45, 6M12, 6M34, 6T23, 6T45, 7M34
igd0182;IGD0182;INTRODUCAO AO ELETROMAGNETISMO;98;60;MAT0026 E IFD0171 E ECL0030 OU MAT0026 E IFD0175;;exatas;OPT;2T2345
igd0043;IGD0043;TOPOGRAFIA FOTOGRAMETRIA;98;90;;;exatas;OPT;Nao Ofertada
iqd0015;IQD0015;PROJETO DE ENGENHARIA QUIMICA 1;98;30;ENM0190 E IQD0012 E IQD0014 E IQD0048 OU ENC0053 E IQD0012 E IQD0014 E IQD0048;;exatas;OPT;2T45
mat0048;MAT0048;EQUACOES DIFERENCIAIS 1;98;60;MAT0026;;exatas;OPT;Nao Ofertada
pol0004;POL0004 | POL0005;PRATICA DE ENSINO EM INTRODUCAO A CIENCIA POLITICA;98;60;;;humanas;OPT;7N1234
pst0034;PST0034;ERGONOMIA;98;90;;;humanas;OPT;Nao Ofertada
